keyword,monthly_volume,keyword_difficulty,intent,cluster,notes
best project management software,18000,72,Commercial,tool-comparisons,High volume high difficulty
best pm tool for startups,1200,38,Commercial,tool-comparisons,Lower difficulty good entry
project management software for small business,2400,45,Commercial,tool-comparisons,Solid cluster
asana vs monday.com,5400,55,Commercial,direct-comparisons,Head-to-head high intent
asana vs trello,4800,52,Commercial,direct-comparisons,
clickup vs asana,3600,50,Commercial,direct-comparisons,
monday.com pricing,12000,60,Transactional,pricing-pages,High intent buyer
asana pricing,9000,58,Transactional,pricing-pages,
clickup pricing,7200,55,Transactional,pricing-pages,
free project management software,8400,62,Transactional,free-tools,High volume
free task management app,3600,48,Transactional,free-tools,
asana alternatives,6600,54,Commercial,alternatives,Strong affiliate potential
monday.com alternatives,4200,50,Commercial,alternatives,
trello alternatives,3600,48,Commercial,alternatives,
project management software for construction,1800,40,Commercial,industry-specific,Low difficulty
pm software for healthcare,900,35,Commercial,industry-specific,Niche entry point
project management tools for agencies,1200,38,Commercial,industry-specific,
how to manage a project,6600,55,Informational,how-to-guides,Supporting content
how to use asana for project management,2400,42,Informational,how-to-guides,
project management methodology comparison,800,30,Informational,how-to-guides,Low difficulty
